unspsc_code,unspsc_type,unspsc_title,unspsc_definition,cpv_match_1_code,cpv_match_1_name,cpv_match_2_code,cpv_match_2_name,cpv_match_3_code,cpv_match_3_name
10100000,Family,Live animals,,03320000-8,"Cattle, livestock and small animals",03324000-6,Live poultry,03310000-5,"Fish, crustaceans and aquatic products"
10110000,Family,Domestic pet products,,15710000-8,Prepared animal feeds for farm and other animals,03140000-4,Animal products and related products,85210000-3,Domestic animal nurseries
10120000,Family,Animal feed,"Animal feed is food given to domestic animals, especially livestock, in the course of animal husbandry.",15710000-8,Prepared animal feeds for farm and other animals,15700000-5,Animal feedstuffs,16630000-0,Machinery for preparing animal feeding stuffs
10130000,Family,Animal containment and habitats,,92530000-5,Botanical and zoological garden services and nature reserve services,85210000-3,Domestic animal nurseries,03320000-8,"Cattle, livestock and small animals"
10140000,Family,Saddlery and harness goods,,18910000-1,Saddlery,18900000-8,"Luggage, saddlery, sacks and bags",19120000-3,Leather of bovine or equine animals
10150000,Family,Seeds and bulbs and seedlings and cuttings,,03121100-6,"Live plants, bulbs, roots, cuttings and slips",03111000-2,Seeds,03117200-6,Seeds of plants used in specific fields
10160000,Family,Floriculture and silviculture products,,03121100-6,"Live plants, bulbs, roots, cuttings and slips",03441000-3,"Ornamental plants, grasses, mosses or lichens",03120000-8,Horticultural and nursery products
10170000,Family,Fertilizers and plant nutrients and herbicides,,24430000-7,Animal or vegetal fertilisers,24440000-0,Miscellaneous fertilisers,03100000-2,Agricultural and horticultural products
10190000,Family,Pest control products,"A product, device, organism, substance, or item that is manufactured, represented, sold or used as a means for directly or indirectly controlling, preventing, destroying, attracting, or repelling any pest.",33691300-3,"Ectoparasiticides, incl. scabicides, insecticides and repellents",33691000-0,"Antiparasitic products, insecticides and repellents",77231200-0,Forest pest control services
10200000,Family,Live rose bushes,Live bushes including the roots of roses,03121100-6,"Live plants, bulbs, roots, cuttings and slips",03120000-8,Horticultural and nursery products,03121000-5,Horticultural products
10210000,Family,Live plants of high species or variety count flowers,Live plants including the root ball of flower types with more than 5 varieties registered with unspsc,03121100-6,"Live plants, bulbs, roots, cuttings and slips",03441000-3,"Ornamental plants, grasses, mosses or lichens",03120000-8,Horticultural and nursery products
10220000,Family,Live plants of low species or variety count flowers,Live plant including the root ball of flower types with less than 5 varieties registered with unspsc,03121100-6,"Live plants, bulbs, roots, cuttings and slips",03441000-3,"Ornamental plants, grasses, mosses or lichens",03451000-6,Plants
10230000,Family,Live chrysanthemums,Live plants including the root ball of chrysanthemums,03121100-6,"Live plants, bulbs, roots, cuttings and slips",03120000-8,Horticultural and nursery products,03451000-6,Plants
10240000,Family,Live carnations,Live plants including the root ball of the carnation,03121100-6,"Live plants, bulbs, roots, cuttings and slips",03120000-8,Horticultural and nursery products,03121000-5,Horticultural products
10250000,Family,Live orchids,Live plants including the root ball of the orchid,03121100-6,"Live plants, bulbs, roots, cuttings and slips",03120000-8,Horticultural and nursery products,03121000-5,Horticultural products
10300000,Family,Fresh cut rose,Fresh cut blooms of roses,03121200-7,Cut flowers,03121100-6,"Live plants, bulbs, roots, cuttings and slips",03120000-8,Horticultural and nursery products
10310000,Family,Fresh cut blooms of high species or variety count flowers,Fresh cut blooms of flower types with more than 5 varieties registered with unspsc,03121200-7,Cut flowers,77330000-2,Floral-display services,03121100-6,"Live plants, bulbs, roots, cuttings and slips"
10320000,Family,Fresh cut blooms of low species or variety count flowers,Fresh cut bloom of flower types with less than 5 varieties registered with unspsc,03121200-7,Cut flowers,03121100-6,"Live plants, bulbs, roots, cuttings and slips",03120000-8,Horticultural and nursery products
10330000,Family,Fresh cut chrysanthemums,Fresh cut blooms of chrysanthemums,03121200-7,Cut flowers,03121100-6,"Live plants, bulbs, roots, cuttings and slips",03120000-8,Horticultural and nursery products
10340000,Family,Fresh cut floral bouquets,An arrangement of various types of fresh cut flowers and greens,03121210-0,Floral arrangements,03121200-7,Cut flowers,77330000-2,Floral-display services
10350000,Family,Fresh cut carnations,Fresh cut blooms of carnations,03121200-7,Cut flowers,03121100-6,"Live plants, bulbs, roots, cuttings and slips",03120000-8,Horticultural and nursery products
10360000,Family,Fresh cut orchids,Fresh cut blooms of orchids,03121200-7,Cut flowers,03121100-6,"Live plants, bulbs, roots, cuttings and slips",03120000-8,Horticultural and nursery products
10400000,Family,Dried cut roses,Dried cut blooms of roses,03121200-7,Cut flowers,03120000-8,Horticultural and nursery products,03100000-2,Agricultural and horticultural products
10410000,Family,Dried cut blooms of high species or variety count flowers,Dried cut blooms of flower types with more than 5 varieties registered with unspsc,03121200-7,Cut flowers,03120000-8,Horticultural and nursery products,03100000-2,Agricultural and horticultural products
10420000,Family,Dried cut blooms of low species or variety count flowers,Dried cut bloom of flower types with less than 5 varieties registered with unspsc,03121200-7,Cut flowers,03120000-8,Horticultural and nursery products,92521220-7,Preservation services of specimens
10430000,Family,Dried cut chrysanthemums,Dried cut blooms of chrysanthemums,03121200-7,Cut flowers,03120000-8,Horticultural and nursery products,03100000-2,Agricultural and horticultural products
10440000,Family,Dried cut carnations,Dried cut blooms of carnations,03121200-7,Cut flowers,03120000-8,Horticultural and nursery products,77330000-2,Floral-display services
10450000,Family,Dried cut orchids,Dried cut blooms of orchids,03121200-7,Cut flowers,03120000-8,Horticultural and nursery products,03121000-5,Horticultural products
10500000,Family,Fresh cut greenery,Parts of various plants that have been cut to provide contrast to flowers in various floral arrangements,03121100-6,"Live plants, bulbs, roots, cuttings and slips",03121210-0,Floral arrangements,03441000-3,"Ornamental plants, grasses, mosses or lichens"
10000000,Segment,Live Plant and Animal Material and Accessories and Supplies,"This segment includes live, wild and domesticated, seeds and plants and animals. This segment also includes materials and equipment used in the care, containment and feeding of live plants and animals.",03121100-6,"Live plants, bulbs, roots, cuttings and slips",03441000-3,"Ornamental plants, grasses, mosses or lichens",92530000-5,Botanical and zoological garden services and nature reserve services
11100000,Family,Minerals and ores and metals,,14520000-2,"Precious and semi-precious stones, pumice stone, emery, natural abrasives, other minerals and precious metals",14600000-7,Metal ores and alloys,14523000-3,"Related minerals, precious metals and associated products"
11110000,Family,Earth and stone,,14212000-0,"Granules, chippings, stone powder, pebbles, gravel, broken and crushed stone, stone mixtures, sand-gravel mixtures and other aggregates",14210000-6,"Gravel, sand, crushed stone and aggregates",14520000-2,"Precious and semi-precious stones, pumice stone, emery, natural abrasives, other minerals and precious metals"
11120000,Family,Non edible plant and forestry products,,03441000-3,"Ornamental plants, grasses, mosses or lichens",03400000-4,Forestry and logging products,19000000-6,"Leather and textile fabrics, plastic and rubber materials"
11130000,Family,Non edible animal products,,19280000-2,"Animal wool, hides and skins",19130000-6,"Leather of sheep, goats or pigs",19120000-3,Leather of bovine or equine animals
11140000,Family,Scrap and waste materials,,19600000-2,"Leather, textile, rubber and plastic waste",14630000-6,"Slag, dross, ferrous waste and scrap",19610000-5,Leather waste
11150000,Family,Fibers and threads and yarns,,19430000-9,Textile yarn and thread of natural fibres,19435000-4,Sewing thread and yarn of natural fibres,19400000-0,Textile yarn and thread
11160000,Family,Fabrics and leather materials,,19000000-6,"Leather and textile fabrics, plastic and rubber materials",19140000-9,"Leather of other animals, composite leather and other leather",19600000-2,"Leather, textile, rubber and plastic waste"
11170000,Family,Alloys,An alloy is the result of a manufacturing process from at least two metals .,14620000-3,Alloys,14600000-7,Metal ores and alloys,14621000-0,Ferro-alloys
11180000,Family,Metal oxide,"Metal oxides are used as raw material for the manufacturing of alloys. They are a binary compound of oxygen with an atom or radical, or a compound which is regarded as binary; as, iron oxide, ethyl oxide, nitrogen oxide, etc.",24311510-5,Metal oxides,24212000-3,"Chromium, manganese, magnesium, lead and copper oxides and hydroxides",24212400-7,Copper oxide
11190000,Family,Metal waste scrap and by products,"Includes waste and recycled materials, scrap and by-products generated by the production of metal products in metallurgical industries",14630000-6,"Slag, dross, ferrous waste and scrap",14910000-3,Recovered secondary metal raw materials,14930000-9,Ash and residues containing metals
11000000,Segment,Mineral and Textile and Inedible Plant and Animal Materials,"This segment includes unprocessed materials such as stone, soil and ores, refined base or precious metals, inedible plant, forestry and animal materials as well as natural or synthetic fibers and cloth, leather and animal skins, scrap and waste materials.",19280000-2,"Animal wool, hides and skins",19000000-6,"Leather and textile fabrics, plastic and rubber materials",19600000-2,"Leather, textile, rubber and plastic waste"
12130000,Family,Explosive materials,"An explosive is a reactive substance that contains a great amount of potential energy that can produce an explosion if released suddenly, usually accompanied by the production of light, heat, sound, and pressure.",24600000-0,Explosives,24610000-3,Prepared explosives,24612000-7,Miscellaneous explosives
12140000,Family,Elements and gases,,24111000-5,"Hydrogen, argon, rare gases, nitrogen and oxygen",24110000-8,Industrial gases,24311000-7,"Chemical elements, inorganic acids and compounds"
12160000,Family,Additives,,24957200-9,"Additives for cements, mortars or concretes",24957000-7,Chemical additives,24951200-7,Additives for oils
12170000,Family,Colorants,A substance that colors materials.,24211000-6,"Zinc oxide and peroxide, titanium oxide, dyes and pigments",24220000-2,"Tanning extracts, dyeing extracts, tannins and colouring matter",24200000-6,Dyes and pigments
12180000,Family,Waxes and oils,,09221000-4,Petroleum jelly and waxes,09220000-7,"Petroleum jelly, waxes and special spirits",24327300-5,"Oils and products of the distillation of high-temperature coal tar, pitch and pitch tar"
12190000,Family,Solvents,,44832000-1,Solvents,44830000-7,"Mastics, fillers, putty and solvents",24322000-7,"Alcohols, phenols, phenol-alcohols and their halogenated, sulphonated, nitrated or nitrosated derivatives; industrial fatty alcohols"
12350000,Family,Compounds and mixtures,A compound contains atoms of different elements chemically combined together in a fixed ratio. A mixture is a combination of two or more substances where there is no chemical combination or reaction.,24300000-7,Basic inorganic and organic chemicals,24311000-7,"Chemical elements, inorganic acids and compounds",24322000-7,"Alcohols, phenols, phenol-alcohols and their halogenated, sulphonated, nitrated or nitrosated derivatives; industrial fatty alcohols"
12360000,Family,Pharmaceutical drug precursors,"Chemical substances — or products comprising such — intended for use in the medical diagnosis, cure, treatment, or prevention of disease.",33600000-6,Pharmaceutical products,33697000-2,Medical preparations excluding dental consumables,33650000-1,"General anti-infectives for systemic use, vaccines, antineoplastic and immunodulating agents"
12000000,Segment,Chemicals including Bio Chemicals and Gas Materials,"This segment includes inorganic and organic chemicals and compounds in solid, liquid or gaseous form used in an industrial or manufacturing process",24300000-7,Basic inorganic and organic chemicals,24322000-7,"Alcohols, phenols, phenol-alcohols and their halogenated, sulphonated, nitrated or nitrosated derivatives; industrial fatty alcohols",24311000-7,"Chemical elements, inorganic acids and compounds"
13100000,Family,Rubber and elastomers,,03116000-7,"Natural rubber and latex, and associated products",19500000-1,Rubber and plastic materials,19700000-3,Synthetic rubber and fibres
13110000,Family,Resins and rosins and other resin derived materials,,19522000-1,Resins,24327400-6,Resin products,19522100-2,Epoxy resin
13000000,Segment,Resin and Rosin and Rubber and Foam and Film and Elastomeric Materials,"This segment includes rubber and plastic material, including elastomers that are used in manufacturing and construction",19500000-1,Rubber and plastic materials,03116000-7,"Natural rubber and latex, and associated products",19510000-4,Rubber products
14100000,Family,Paper materials,,22990000-6,"Newsprint, handmade paper and other uncoated paper or paperboard for graphic purposes",22800000-8,"Paper or paperboard registers, account books, binders, forms and other articles of printed stationery",30199310-6,Embossed or perforated printing paper
14110000,Family,Paper products,,22800000-8,"Paper or paperboard registers, account books, binders, forms and other articles of printed stationery",30199100-1,"Carbon paper, self-copy paper, paper duplicator stencils and carbonless paper",30199310-6,Embossed or perforated printing paper
14120000,Family,Industrial use papers,,22993000-7,"Photosensitive, heat-sensitive or thermographic paper and paperboard",22800000-8,"Paper or paperboard registers, account books, binders, forms and other articles of printed stationery",30199100-1,"Carbon paper, self-copy paper, paper duplicator stencils and carbonless paper"
14000000,Segment,Paper Materials and Products,"This segment includes paper used for commercial printing, forms, envelopes, reprographics, and tablets as well as value-added papers which feature special surface treatments, color, chemicals, or fiber content that meet specific needs.",22800000-8,"Paper or paperboard registers, account books, binders, forms and other articles of printed stationery",30199310-6,Embossed or perforated printing paper,22993000-7,"Photosensitive, heat-sensitive or thermographic paper and paperboard"
15100000,Family,Fuels,A fuel is any material that can be made to react with other substances so that it releases energy as thermal energy or to be used for work.,09100000-0,Fuels,09111000-0,Coal and coal-based fuels,09111200-2,Coal-based fuels
15110000,Family,Gaseous fuels and additives,,09120000-6,Gaseous fuels,09121000-3,"Coal gas, mains gas or similar gases",09133000-0,Liquefied Petroleum Gas (LPG)
15120000,Family,Lubricants and oils and greases and anti corrosives,"A lubricant is a substance that helps to reduce friction between surfaces in mutual contact, which ultimately reduces the heat generated when the surfaces move. It may also have the function of transmitting forces, transporting foreign particles, or heating or cooling the surfaces.",24951000-5,Greases and lubricants,09211000-1,Lubricating oils and lubricating agents,24951100-6,Lubricants
15130000,Family,Fuel for nuclear reactors,,09340000-4,Nuclear fuels,42150000-5,Nuclear reactors and parts,09100000-0,Fuels
15000000,Segment,Fuels and Fuel Additives and Lubricants and Anti corrosive Materials,"This segment includes natural occurring gases and processed materials used to produce heat or power performance enhancing additives, processed materials designed to reduce friction and wear when introduced as a film between solid surfaces. This segment also includes materials used to reduce or prevent corrosion of metallic surfaces, and petroleum- based and synthetic waxes and jellies",09220000-7,"Petroleum jelly, waxes and special spirits",09211000-1,Lubricating oils and lubricating agents,24951000-5,Greases and lubricants
20100000,Family,Mining and quarrying machinery and equipment,,43260000-3,"Mechanical shovels, excavators and shovel loaders, and mining machinery",43120000-0,"Coal or rock cutters and tunnelling machinery, and boring or sinking machinery",43000000-3,"Machinery for mining, quarrying, construction equipment"
20110000,Family,Well drilling and operation equipment,"All temporary structures, devices, and facilities necessary and incidental to the drilling or completion of a well.",43121000-7,Well-drilling machinery,43611000-9,Parts for well-drilling machinery,43121300-0,Well-completion equipment
20120000,Family,Oil and gas drilling and exploration equipment,,34514000-3,Floating or submersible drilling or production platforms,43132000-7,Oil drilling equipment,43132200-9,Drilling rig
20130000,Family,Oil and gas drilling and operation materials,,44425000-5,"Rings, seals, bands, sticks and grout packers",43611000-9,Parts for well-drilling machinery,43132000-7,Oil drilling equipment
20140000,Family,Oil and gas operating and production equipment,,34514000-3,Floating or submersible drilling or production platforms,43132000-7,Oil drilling equipment,43612500-1,Production riser tieback equipment
20000000,Segment,Mining and Well Drilling Machinery and Accessories,This segment includes the machines and accessories necessary to burrow beneath the earth's surface or related processes for obtaining a natural element.,43120000-0,"Coal or rock cutters and tunnelling machinery, and boring or sinking machinery",43260000-3,"Mechanical shovels, excavators and shovel loaders, and mining machinery",43121000-7,Well-drilling machinery
21100000,Family,Agricultural and forestry and landscape machinery and equipment,,16100000-6,Agricultural and forestry machinery for soil preparation or cultivation,16600000-1,Specialist agricultural or forestry machinery,16400000-9,Spraying machinery for agriculture or horticulture
21110000,Family,Fishing and aquaculture equipment,,03000000-1,"Agricultural, farming, fishing, forestry and related products",50240000-9,"Repair, maintenance and associated services related to marine and other equipment",03300000-2,"Farming, hunting and fishing products"
21000000,Segment,Farming and Fishing and Forestry and Wildlife Machinery and Accessories,"This segment includes machines and accessories necessary to cultivate and preserve soil, trees, plants as well as those necessary for breeding of animals.",16100000-6,Agricultural and forestry machinery for soil preparation or cultivation,03000000-1,"Agricultural, farming, fishing, forestry and related products",16600000-1,Specialist agricultural or forestry machinery
22100000,Family,Heavy construction machinery and equipment,,43260000-3,"Mechanical shovels, excavators and shovel loaders, and mining machinery",42414000-1,"Cranes, mobile lifting frames and works trucks fitted with a crane",43120000-0,"Coal or rock cutters and tunnelling machinery, and boring or sinking machinery"
22110000,Family,Marine construction and installation equipment,"This is equipment used in offshore and other marine environments. These products will differ from normal construction products both in performance, certifications, and other options.",42414000-1,"Cranes, mobile lifting frames and works trucks fitted with a crane",50240000-9,"Repair, maintenance and associated services related to marine and other equipment",43131100-1,Offshore equipment
22000000,Segment,Building and Construction Machinery and Accessories,"This segment includes the machines and accessories used in support of the construction, repair and maintenance of structures and roads.",42414000-1,"Cranes, mobile lifting frames and works trucks fitted with a crane",43200000-5,"Earthmoving and excavating machinery, and associated parts",42420000-6,"Buckets, shovels, grabs and grips for cranes or excavators"
23100000,Family,Raw materials processing machinery,,42700000-3,"Machinery for textile, apparel and leather production",43400000-7,Mineral-processing and foundry mould-forming machinery,42212000-5,Machinery for processing cereals or dried vegetables
23110000,Family,Petroleum processing machinery,"All petroleum marketing equipment, including, but not limited to, pumps, gasoline dispensers, gas consoles, gasoline canopy, canopy structure, lights, registered and properly upgraded underground storage tanks and lines, environmental monitoring or upgrade equipment, and any related equipment or apparatus.",50511200-2,Repair and maintenance services of gas pumps,50500000-0,"Repair and maintenance services for pumps, valves, taps and metal containers and machinery",45250000-4,"Construction works for plants, mining and manufacturing and for buildings relating to the oil and gas industry"
23120000,Family,Textile and fabric machinery and accessories,,42700000-3,"Machinery for textile, apparel and leather production",42710000-6,Machinery for textiles,42711000-3,Machines for processing man-made textile materials
23130000,Family,Lapidary machinery and equipment,,42641000-1,"Machine tools for working stone, ceramics, concrete or glass",42640000-4,Machine tools for working hard materials except metals,42610000-5,Machine tools operated by laser and machining centres
23140000,Family,Leatherworking repairing machinery and equipment,,19170000-8,Leather articles used in machinery or mechanical appliances,42700000-3,"Machinery for textile, apparel and leather production",51543300-3,Installation services of leather-production machinery
23150000,Family,Industrial process machinery and equipment and supplies,,42200000-8,"Machinery for food, beverage and tobacco processing and associated parts",42215000-6,Machinery for the industrial preparation or manufacture of food or drink,42700000-3,"Machinery for textile, apparel and leather production"
23160000,Family,Foundry machines and equipment and supplies,"All the machinery and equipment used in pattern and core making, casting, and molding.",43400000-7,Mineral-processing and foundry mould-forming machinery,43420000-3,Foundry mould-forming machinery,24957100-8,Prepared binders for foundry moulds or cores
23180000,Family,Industrial food and beverage equipment,,42215000-6,Machinery for the industrial preparation or manufacture of food or drink,42200000-8,"Machinery for food, beverage and tobacco processing and associated parts",42921000-8,"Machinery for cleaning, filling, packing or wrapping bottles or other containers"
23190000,Family,Mixers and their parts and accessories,,42200000-8,"Machinery for food, beverage and tobacco processing and associated parts",43413000-1,Concrete or mortar mixers,42220000-4,"Parts of machinery for food, beverage and tobacco processing"
23200000,Family,Mass transfer equipment,,42910000-8,"Distilling, filtering or rectifying apparatus",42514000-2,Machinery and apparatus for filtering or purifying gases,42200000-8,"Machinery for food, beverage and tobacco processing and associated parts"
23210000,Family,Electronic manufacturing machinery and equipment and accessories,,42660000-0,"Soldering, brazing and welding tools, surface tempering and hot-spraying machines and equipment",34999000-6,"Signal generators, aerial signal splitters and electroplating machines",31712000-0,Microelectronic machinery and apparatus and microsystems
23220000,Family,Chicken processing machinery and equipment,,42215000-6,Machinery for the industrial preparation or manufacture of food or drink,42200000-8,"Machinery for food, beverage and tobacco processing and associated parts",42210000-1,"Food, beverage and tobacco-processing machinery"
23230000,Family,Sawmilling and lumber processing machinery and equipment,,42642000-8,"Machine tools for working wood, bone, cork, hard rubber or hard plastics",51522000-7,Installation services of forestry machinery,03400000-4,Forestry and logging products
23240000,Family,Metal cutting machinery and accessories,"Machines that cut away chips and include (but are not limited to) broaching machines, drilling machines, electrical-discharge machines, gear cutting machines, grinders, machining centers, milling machines, transfer machines, and turning machines such as lathes.",42620000-8,"Lathes, boring and milling machine tools",42637000-0,"Machine tools for drilling, boring or milling metal",42637300-3,Machine tools for milling metal
23250000,Family,Metal forming machinery and accessories,"Metal forming machines typically squeeze metal into shape and include (but are not limited to) bending machines, cold-heading machines, presses, shears, coil slitters, and stamping machines.",42674000-1,Parts and accessories for metal-working machine tools,42633000-2,"Bending, folding, straightening or flattening machines",43700000-0,Machinery for metallurgy and associated parts
23260000,Family,Rapid prototyping machinery and accessories,Rapid prototyping is the name given to a host of related technologies that are used to fabricate physical objects directly from CAD data sources. These methods are unique in that they add and bond materials in layers to form objects. Objects can be formed with any geometric complexity or intricacy without the need for elaborate machine setup or final assembly.,42610000-5,Machine tools operated by laser and machining centres,42994000-0,Machinery for working rubber or plastics,44400000-4,Miscellaneous fabricated products and related items
23270000,Family,Welding and soldering and brazing machinery and accessories and supplies,"Welding, soldering, and brazing are fabrication processes that join materials, usually metals or thermoplastics, by causing coalescence. Welding is often done by melting the workpieces and adding a filler material to form a pool of molten material that cools to become a strong joint, but sometimes pressure is used in conjunction with heat, or by itself, to produce the weld. This is in contrast with soldering and brazing, which involve melting a lower-melting point material between the workpieces to form a bond.",42660000-0,"Soldering, brazing and welding tools, surface tempering and hot-spraying machines and equipment",42661000-7,Soldering and brazing equipment,42662000-4,Welding equipment
23280000,Family,Metal treatment machinery,"Metal treatment is usually necessary to condition metals either before or after processing of any kind. Treatments may improve the product’s properties such as increasing durability or resisting corrosion, or greatly influence mechanical properties, such as strength, hardness, ductility, toughness, and wear resistance.",42660000-0,"Soldering, brazing and welding tools, surface tempering and hot-spraying machines and equipment",42940000-7,Machinery for the heat treatment of materials,42631000-8,Machine tools for finishing metals
23290000,Family,Industrial machine tools,"A machine tool is a machine for handling or machining metal or other rigid materials, usually by cutting, boring, grinding, shearing, or other forms of deformations. Machine tools employ some sort of tool that does the cutting or shaping.",42620000-8,"Lathes, boring and milling machine tools",42637000-0,"Machine tools for drilling, boring or milling metal",42600000-2,Machine tools
23300000,Family,Wire machinery and equipment,Various types of machines and equipment used in the manufacture of wiring and wiring assemblies,42660000-0,"Soldering, brazing and welding tools, surface tempering and hot-spraying machines and equipment",44310000-6,Wire products,44300000-3,"Cable, wire and related products"
23000000,Segment,Industrial Manufacturing and Processing Machinery and Accessories,"This segment includes the machines and accessories necessary to manufacture or process products or components. This segment also includes machinery and equipment for manufacturing and processing of food and beverages, textile, leathers and fabrics and, lapidary equipment",42700000-3,"Machinery for textile, apparel and leather production",42200000-8,"Machinery for food, beverage and tobacco processing and associated parts",42215000-6,Machinery for the industrial preparation or manufacture of food or drink
24100000,Family,Material handling machinery and equipment,,42414000-1,"Cranes, mobile lifting frames and works trucks fitted with a crane",42418000-9,"Lifting, handling, loading or unloading machinery",42420000-6,"Buckets, shovels, grabs and grips for cranes or excavators"
24110000,Family,Containers and storage,,44610000-9,"Tanks, reservoirs, containers and pressure vessels",34220000-5,"Trailers, semi-trailers and mobile containers",44613400-4,Storage containers
24120000,Family,Packaging materials,,22993400-1,Corrugated paper or paperboard,42921000-8,"Machinery for cleaning, filling, packing or wrapping bottles or other containers",42921300-1,Packing or wrapping machinery
24130000,Family,Industrial refrigeration,,39711124-4,Industrial freezers,42513000-5,Refrigerating and freezing equipment,42510000-4,"Heat-exchange units, air-conditioning and refrigerating equipment, and filtering machinery"
24140000,Family,Packing supplies,,18937100-7,Goods-packing bags,42921000-8,"Machinery for cleaning, filling, packing or wrapping bottles or other containers",30199500-5,"Box files, letter trays, storage boxes and similar articles"
